Stock,Code,Investor,Qty Held,Investor Count,P/E Ratio,PEG Ratio,EV/EBITDA,Earnings Yield,ROE,ROCE,EPS & EPS Growth,Revenue/Sales Growth,Profit After Tax (Net Income),Market Cap,Debt to Equity,Cash Conversion Cycle,Dividend Yield,Management Quality,Insider Ownership,Insider Pledging,Legal Issues,CEO/Founder Public Image,Industry Analysis,Macro Analysis,Free Cash Flow (FCF),Stock-Based Compensation (SBC),Short Interest,Analyst Consensus & Price Targets,Public shareholding (< 10-15%)
Valor Estate,DBREALTY,"Rekha Jhunjhunwala, Porinju Veliyath, Radhakishan Damani, Rakesh Jhunjhunwala & Associate","25,000,000, 6,500,000, 6,500,000, 25,000,000",4,,,,,,,,,,,,,,,,,,,,,,,,,
Concord Control,13510367,"Porinju Veliyath, Radhakishan Damani, Ashish Kacholia","346,167, 250,625, 76,433",3,,,,,,,,,,,,,,,,,,,,,,,,,
Vasa Denticity,DENTALKART,"Porinju Veliyath, Radhakishan Damani, Ashish Kacholia","410,000, 410,000, 609,000",3,,,,,,,,,,,,,,,,,,,,,,,,,
Vikran Engineering,VIKRAN,"Porinju Veliyath, Radhakishan Damani, Ashish Kacholia","3,500,000, 3,500,000, 3,930,060",3,,,,,,,,,,,,,,,,,,,,,,,,,
ASM Technologies,ASMTEC,"Porinju Veliyath, Radhakishan Damani","1,500,000, 1,500,000",2,,,,,,,,,,,,,,,,,,,,,,,,,
AYM Syntex,AYMSYNTEX,"Porinju Veliyath, Radhakishan Damani","2,301,369, 2,301,369",2,,,,,,,,,,,,,,,,,,,,,,,,,
Advent Hotels International,ADVENTHTL,"Rekha Jhunjhunwala, Rakesh Jhunjhunwala & Associate","2,500,000, 2,500,000",2,,,,,,,,,,,,,,,,,,,,,,,,,
Allcargo Logistics,ALLCARGO,"Porinju Veliyath, Radhakishan Damani","44,100,000, 44,100,000",2,,,,,,,,,,,,,,,,,,,,,,,,,
Apollo Pipes,APOLLOPIPE,"Porinju Veliyath, Radhakishan Damani","1,500,000, 1,500,000",2,,,,,,,,,,,,,,,,,,,,,,,,,
Arman Fin Serv,ARMANFIN,"Porinju Veliyath, Radhakishan Damani","400,000, 400,000",2,,,,,,,,,,,,,,,,,,,,,,,,,
Autoriders Intl,AUTORIDERS,"Porinju Veliyath, Radhakishan Damani","341,839, 341,839",2,,,,,,,,,,,,,,,,,,,,,,,,,
Baazar Style Retail,STYLEBAAZA,"Rekha Jhunjhunwala, Rakesh Jhunjhunwala & Associate","2,532,500, 2,532,500",2,,,,,,,,,,,,,,,,,,,,,,,,,
Bella Casa Fashion,BELLACASA,"Porinju Veliyath, Radhakishan Damani","917,500, 917,500",2,,,,,,,,,,,,,,,,,,,,,,,,,
Canara Bank,CANBK,"Rekha Jhunjhunwala, Rakesh Jhunjhunwala & Associate","139,918,000, 139,918,000",2,,,,,,,,,,,,,,,,,,,,,,,,,
Capacit'e Infraprojects,CAPACITE,"Porinju Veliyath, Radhakishan Damani","5,150,000, 5,150,000",2,,,,,,,,,,,,,,,,,,,,,,,,,
Crisil,CRISIL,"Rekha Jhunjhunwala, Rakesh Jhunjhunwala & Associate","3,799,000, 3,799,000",2,,,,,,,,,,,,,,,,,,,,,,,,,
Daikaffil Chemicals,DAIKAFFI,"Mohnish Pabrai, Nemish S Shah","100,000, 269,830",2,,,,,,,,,,,,,,,,,,,,,,,,,
Deepak Fertilisers,DEEPAKFERT,"Porinju Veliyath, Radhakishan Damani","1,500,000, 1,500,000",2,,,,,,,,,,,,,,,,,,,,,,,,,
Dishman Carbogen,DCAL,"Porinju Veliyath, Radhakishan Damani","8,617,000, 8,617,000",2,,,,,,,,,,,,,,,,,,,,,,,,,
Escorts Kubota,ESCORTS,"Rekha Jhunjhunwala, Rakesh Jhunjhunwala & Associate","1,708,388, 1,708,388",2,,,,,,,,,,,,,,,,,,,,,,,,,
Federal Bank,FEDERALBNK,"Rekha Jhunjhunwala, Rakesh Jhunjhunwala & Associate","59,030,060, 59,030,060",2,,,,,,,,,,,,,,,,,,,,,,,,,
Fortis Healthcare,FORTIS,"Rekha Jhunjhunwala, Rakesh Jhunjhunwala & Associate","30,350,152, 30,350,152",2,,,,,,,,,,,,,,,,,,,,,,,,,
Geojit Fin Serv,GEOJITFSL,"Rekha Jhunjhunwala, Rakesh Jhunjhunwala & Associate","20,099,400, 20,099,400",2,,,,,,,,,,,,,,,,,,,,,,,,,
Hind Rectifiers,HIRECT,"Porinju Veliyath, Radhakishan Damani","250,000, 250,000",2,,,,,,,,,,,,,,,,,,,,,,,,,
Hindustan Constrn,HCC,"Porinju Veliyath, Radhakishan Damani","44,019,921, 44,019,921",2,,,,,,,,,,,,,,,,,,,,,,,,,
IFB Industries,IFBIND,"Porinju Veliyath, Radhakishan Damani","500,000, 500,000",2,,,,,,,,,,,,,,,,,,,,,,,,,
India Metals & Ferro Alloys,IMFA,"Porinju Veliyath, Radhakishan Damani","599,329, 599,329",2,,,,,,,,,,,,,,,,,,,,,,,,,
Indian Hotels Company,INDHOTEL,"Rekha Jhunjhunwala, Rakesh Jhunjhunwala & Associate","14,287,765, 14,287,765",2,,,,,,,,,,,,,,,,,,,,,,,,,
Indo Count,ICIL,"Porinju Veliyath, Radhakishan Damani","2,500,000, 2,500,000",2,,,,,,,,,,,,,,,,,,,,,,,,,
InfoBeans Tech,INFOBEAN,"Porinju Veliyath, Radhakishan Damani","953,919, 953,919",2,,,,,,,,,,,,,,,,,,,,,,,,,
Intellect Design Arena,INTELLECT,"Porinju Veliyath, Radhakishan Damani","2,000,000, 2,000,000",2,,,,,,,,,,,,,,,,,,,,,,,,,
Inventurus Knowledge,IKS,"Rekha Jhunjhunwala, Rakesh Jhunjhunwala & Associate","392,431, 84,668,326",2,,,,,,,,,,,,,,,,,,,,,,,,,
J Kumar Infraprojects,JKIL,"Porinju Veliyath, Radhakishan Damani","1,975,000, 1,975,000",2,,,,,,,,,,,,,,,,,,,,,,,,,
Jagsonpal Pharma,JAGSNPHARM,"Porinju Veliyath, Radhakishan Damani","1,157,557, 1,157,557",2,,,,,,,,,,,,,,,,,,,,,,,,,
Jammu & Kashmir Bank,J&KBANK,"Porinju Veliyath, Radhakishan Damani","14,000,000, 14,000,000",2,,,,,,,,,,,,,,,,,,,,,,,,,
Jubilant Ingrevia,JUBLINGREA,"Rekha Jhunjhunwala, Rakesh Jhunjhunwala & Associate","4,735,500, 4,735,500",2,,,,,,,,,,,,,,,,,,,,,,,,,
Jubilant Pharmova,JUBLPHARMA,"Rekha Jhunjhunwala, Rakesh Jhunjhunwala & Associate","10,244,000, 10,244,000",2,,,,,,,,,,,,,,,,,,,,,,,,,
KRN Heat Exchanger,KRN,"Porinju Veliyath, Radhakishan Damani","1,000,000, 1,000,000",2,,,,,,,,,,,,,,,,,,,,,,,,,
Karur Vysya Bank,KARURVYSYA,"Rekha Jhunjhunwala, Rakesh Jhunjhunwala & Associate","40,185,019, 40,185,019",2,,,,,,,,,,,,,,,,,,,,,,,,,
Kilitch DrugsI,KILITCH,"Porinju Veliyath, Radhakishan Damani","235,000, 235,000",2,,,,,,,,,,,,,,,,,,,,,,,,,
Kingfa Science,KINGFA,"Porinju Veliyath, Radhakishan Damani","300,000, 300,000",2,,,,,,,,,,,,,,,,,,,,,,,,,
Kirloskar Ferrous,KIRLFER,"Porinju Veliyath, Radhakishan Damani","2,000,000, 2,000,000",2,,,,,,,,,,,,,,,,,,,,,,,,,
LT Foods,LTFOODS,"Porinju Veliyath, Radhakishan Damani","3,900,000, 3,900,000",2,,,,,,,,,,,,,,,,,,,,,,,,,
Laxmi Finance,LAXMIINDIA,"Porinju Veliyath, Radhakishan Damani","2,000,000, 2,000,000",2,,,,,,,,,,,,,,,,,,,,,,,,,
Lux Industries,LUXIND,"Porinju Veliyath, Radhakishan Damani","442,100, 442,100",2,,,,,,,,,,,,,,,,,,,,,,,,,
MPS,MPSLTD,"Porinju Veliyath, Radhakishan Damani","762,457, 762,457",2,,,,,,,,,,,,,,,,,,,,,,,,,
Metro Brands,METROBRAND,"Rekha Jhunjhunwala, Rakesh Jhunjhunwala & Associate","26,102,394, 26,102,394",2,,,,,,,,,,,,,,,,,,,,,,,,,
Monolithisch,MONOLITH,"Porinju Veliyath, Radhakishan Damani","600,000, 600,000",2,,,,,,,,,,,,,,,,,,,,,,,,,
N R Agarwal Industries,NRAIL,"Porinju Veliyath, Radhakishan Damani","350,000, 350,000",2,,,,,,,,,,,,,,,,,,,,,,,,,
NCC,NCC,"Rekha Jhunjhunwala, Rakesh Jhunjhunwala & Associate","78,333,266, 78,333,266",2,,,,,,,,,,,,,,,,,,,,,,,,,
Neuland Laboratories,NEULANDLAB,"Porinju Veliyath, Radhakishan Damani","400,000, 400,000",2,,,,,,,,,,,,,,,,,,,,,,,,,
Nuvama Wealth,NUVAMA,"Porinju Veliyath, Radhakishan Damani","2,500,000, 2,500,000",2,,,,,,,,,,,,,,,,,,,,,,,,,
OneSource Specialty Pharma,ONESOURCE,"Porinju Veliyath, Radhakishan Damani","1,200,000, 1,200,000",2,,,,,,,,,,,,,,,,,,,,,,,,,
Oriental Rail,ORVENPR,"Porinju Veliyath, Radhakishan Damani","3,400,000, 3,400,000",2,,,,,,,,,,,,,,,,,,,,,,,,,
Osel Devices,OSELDEVICE,"Porinju Veliyath, Radhakishan Damani","1,338,400, 1,338,400",2,,,,,,,,,,,,,,,,,,,,,,,,,
PDS,PDSL,"Porinju Veliyath, Radhakishan Damani","3,362,589, 3,362,589",2,,,,,,,,,,,,,,,,,,,,,,,,,
PTC Industries,PTCIL,"Porinju Veliyath, Radhakishan Damani","160,000, 160,000",2,,,,,,,,,,,,,,,,,,,,,,,,,
Pearl Global,PGIL,"Porinju Veliyath, Radhakishan Damani","700,000, 700,000",2,,,,,,,,,,,,,,,,,,,,,,,,,
Prakash Industries,PRAKASH,"Porinju Veliyath, Dolly Khanna","3,083,177, 4,598,190",2,,,,,,,,,,,,,,,,,,,,,,,,,
Prakash Pipes,PPL,"Porinju Veliyath, Radhakishan Damani","564,500, 564,500",2,,,,,,,,,,,,,,,,,,,,,,,,,
Protean eGov Tech,PROTEAN,"Porinju Veliyath, Radhakishan Damani","600,000, 600,000",2,,,,,,,,,,,,,,,,,,,,,,,,,
Radico Khaitan,RADICO,"Porinju Veliyath, Radhakishan Damani","1,400,083, 1,400,083",2,,,,,,,,,,,,,,,,,,,,,,,,,
Raghav Productivity Enhancers,RPEL,"Rekha Jhunjhunwala, Rakesh Jhunjhunwala & Associate","2,205,704, 2,205,704",2,,,,,,,,,,,,,,,,,,,,,,,,,
Ravindra Energy,RELTD,"Porinju Veliyath, Radhakishan Damani","2,162,162, 2,162,162",2,,,,,,,,,,,,,,,,,,,,,,,,,
Raymond Lifestyle,RAYMONDLSL,"Porinju Veliyath, Radhakishan Damani","799,856, 799,856",2,,,,,,,,,,,,,,,,,,,,,,,,,
Sahasra Electronic Solutions,SAHASRA,"Porinju Veliyath, Radhakishan Damani","620,000, 620,000",2,,,,,,,,,,,,,,,,,,,,,,,,,
Sarda Energy & Minerals,SARDAEN,"Porinju Veliyath, Radhakishan Damani","4,000,000, 4,000,000",2,,,,,,,,,,,,,,,,,,,,,,,,,
Singer,SINGER,"Rekha Jhunjhunwala, Rakesh Jhunjhunwala & Associate","4,250,000, 4,250,000",2,,,,,,,,,,,,,,,,,,,,,,,,,
Siyaram Recycling,13521185,"Porinju Veliyath, Radhakishan Damani","2,200,000, 2,200,000",2,,,,,,,,,,,,,,,,,,,,,,,,,
Solarium Green Energy,15131301,"Porinju Veliyath, Radhakishan Damani","600,000, 600,000",2,,,,,,,,,,,,,,,,,,,,,,,,,
Star Health,STARHEALTH,"Rekha Jhunjhunwala, Rakesh Jhunjhunwala & Associate","91,629,124, 100,753,935",2,,,,,,,,,,,,,,,,,,,,,,,,,
Strides Pharma,STAR,"Porinju Veliyath, Radhakishan Damani","1,066,000, 1,066,000",2,,,,,,,,,,,,,,,,,,,,,,,,,
Sudeep Pharma,SUDEEPPHRM,"Porinju Veliyath, Radhakishan Damani","1,500,117, 1,500,117",2,,,,,,,,,,,,,,,,,,,,,,,,,
Sundrop Brands,SUNDROP,"Rekha Jhunjhunwala, Rakesh Jhunjhunwala & Associate","1,861,759, 1,861,759",2,,,,,,,,,,,,,,,,,,,,,,,,,
Surya Roshni,SURYAROSNI,"Porinju Veliyath, Radhakishan Damani","2,200,000, 2,200,000",2,,,,,,,,,,,,,,,,,,,,,,,,,
Suryoday Small Finance Bank,SURYODAY,"Porinju Veliyath, Radhakishan Damani","3,000,000, 3,000,000",2,,,,,,,,,,,,,,,,,,,,,,,,,
TAAL Tech,TAALENT,"Porinju Veliyath, Radhakishan Damani","277,931, 277,931",2,,,,,,,,,,,,,,,,,,,,,,,,,
Tata Communications,TATACOMM,"Rekha Jhunjhunwala, Rakesh Jhunjhunwala & Associate","4,500,687, 4,500,687",2,,,,,,,,,,,,,,,,,,,,,,,,,
Tata Motors CV,TMCV,"Rekha Jhunjhunwala, Rakesh Jhunjhunwala & Associate","48,748,260, 48,748,260",2,,,,,,,,,,,,,,,,,,,,,,,,,
Tata Motors PV,TMPV,"Rekha Jhunjhunwala, Rakesh Jhunjhunwala & Associate","48,798,260, 48,798,260",2,,,,,,,,,,,,,,,,,,,,,,,,,
Tatva Chintan Pharma,TATVA,"Porinju Veliyath, Radhakishan Damani","500,000, 500,000",2,,,,,,,,,,,,,,,,,,,,,,,,,
Thejo Engineering,THEJO,"Porinju Veliyath, Radhakishan Damani","180,000, 180,000",2,,,,,,,,,,,,,,,,,,,,,,,,,
Titan Company,TITAN,"Rekha Jhunjhunwala, Rakesh Jhunjhunwala & Associate","47,184,470, 47,184,470",2,,,,,,,,,,,,,,,,,,,,,,,,,
Tracxn Technologies,TRACXN,"Porinju Veliyath, Radhakishan Damani","2,000,000, 2,000,000",2,,,,,,,,,,,,,,,,,,,,,,,,,
Transpek Industry,TRANSPEK,"Porinju Veliyath, Radhakishan Damani","118,578, 118,578",2,,,,,,,,,,,,,,,,,,,,,,,,,
Unified Data Tech Solutions,13193245,"Porinju Veliyath, Radhakishan Damani","1,055,000, 1,055,000",2,,,,,,,,,,,,,,,,,,,,,,,,,
Va Tech Wabag,WABAG,"Rekha Jhunjhunwala, Rakesh Jhunjhunwala & Associate","5,000,000, 5,000,000",2,,,,,,,,,,,,,,,,,,,,,,,,,
Vidhi Specialty Food,VIDHIING,"Porinju Veliyath, Radhakishan Damani","800,000, 800,000",2,,,,,,,,,,,,,,,,,,,,,,,,,
Wendt,WENDT,"Porinju Veliyath, Radhakishan Damani","50,000, 50,000",2,,,,,,,,,,,,,,,,,,,,,,,,,
West Coast Paper,WSTCSTPAPR,"Porinju Veliyath, Radhakishan Damani","900,000, 900,000",2,,,,,,,,,,,,,,,,,,,,,,,,,
Wockhardt,WOCKPHARMA,"Rekha Jhunjhunwala, Rakesh Jhunjhunwala & Associate","2,837,005, 2,837,005",2,,,,,,,,,,,,,,,,,,,,,,,,,
Yatharth Hospital,YATHARTH,"Porinju Veliyath, Radhakishan Damani","1,100,000, 1,100,000",2,,,,,,,,,,,,,,,,,,,,,,,,,
Zelio EMobility,17270031,"Porinju Veliyath, Radhakishan Damani","424,000, 424,000",2,,,,,,,,,,,,,,,,,,,,,,,,,
Zota Healthcare,ZOTA,"Porinju Veliyath, Radhakishan Damani","2,516,989, 736,989",2,,,,,,,,,,,,,,,,,,,,,,,,,
A G Universal,AGUL,Anil Kumar Goel,"1,540,000",1,,,,,,,,,,,,,,,,,,,,,,,,,
ABC,ABCINDQ,Nemish S Shah,"76,279",1,,,,,,,,,,,,,,,,,,,,,,,,,
AVI Polymers,AVI,Mohnish Pabrai,"50,000",1,,,,,,,,,,,,,,,,,,,,,,,,,
Acknit Industries,ACKNIT,Nemish S Shah,"43,901",1,,,,,,,,,,,,,,,,,,,,,,,,,
Adcounty Media,544435,Ashish Kacholia,"656,000",1,,,,,,,,,,,,,,,,,,,,,,,,,
Aditya Spinners,ADITYASPIN,Nemish S Shah,"558,311",1,,,,,,,,,,,,,,,,,,,,,,,,,
Advait Energy,ADVAIT,Ashish Kacholia,"225,000",1,,,,,,,,,,,,,,,,,,,,,,,,,
Advance Metering,AMTL,Nemish S Shah,"240,016",1,,,,,,,,,,,,,,,,,,,,,,,,,
Advance Syntex,ASYL,Nemish S Shah,"275,644",1,,,,,,,,,,,,,,,,,,,,,,,,,
Aelea Commodities,11290656,Ashish Kacholia,"773,400",1,,,,,,,,,,,,,,,,,,,,,,,,,
AeonX Digital,ASHOKALCO,Nemish S Shah,"100,000",1,,,,,,,,,,,,,,,,,,,,,,,,,
Aeroflex Industries,AEROFLEX,Ashish Kacholia,"2,598,080",1,,,,,,,,,,,,,,,,,,,,,,,,,
Agarwal Industrial,AGARIND,Ashish Kacholia,"647,977",1,,,,,,,,,,,,,,,,,,,,,,,,,
Agro Phos,AGROPHOS,Nemish S Shah,"204,838",1,,,,,,,,,,,,,,,,,,,,,,,,,
Aimco Pesticides,AIMCOPEST,Mohnish Pabrai,"240,000",1,,,,,,,,,,,,,,,,,,,,,,,,,
Akar Auto Industries,AKARTOOL,Nemish S Shah,"110,768",1,,,,,,,,,,,,,,,,,,,,,,,,,
Alfa Transformers,ALFATRAN,Nemish S Shah,"100,844",1,,,,,,,,,,,,,,,,,,,,,,,,,
Alufluoride,ALUFLUOR,Mohnish Pabrai,"160,000",1,,,,,,,,,,,,,,,,,,,,,,,,,
Anjani Synthetics,ANJANI,Nemish S Shah,"165,496",1,,,,,,,,,,,,,,,,,,,,,,,,,
Annapurna Swadisht,ANNAPURNA,Ajay Upadhyaya,"500,000",1,,,,,,,,,,,,,,,,,,,,,,,,,
Ansal Buildwell,ANSALBU,Nemish S Shah,"165,566",1,,,,,,,,,,,,,,,,,,,,,,,,,
Ansal Housing,ANSALHSG,Nemish S Shah,"1,001,915",1,,,,,,,,,,,,,,,,,,,,,,,,,
Artefact Projects,ARTEFACT,Nemish S Shah,"291,054",1,,,,,,,,,,,,,,,,,,,,,,,,,
Aryan Shares & Stock,542176,Nemish S Shah,"115,235",1,,,,,,,,,,,,,,,,,,,,,,,,,
Ascensive Educare,17180088,Mohnish Pabrai,"600,000",1,,,,,,,,,,,,,,,,,,,,,,,,,
Ashnoor Textile,ASHNOOR,Nemish S Shah,"383,292",1,,,,,,,,,,,,,,,,,,,,,,,,,
Aspinwall & Co.,ASPINWALL,Nemish S Shah,"146,872",1,,,,,,,,,,,,,,,,,,,,,,,,,
Austin Engineering,AUSTENG,Nemish S Shah,"98,811",1,,,,,,,,,,,,,,,,,,,,,,,,,
Avonmore Capital,AVONMORE,Nemish S Shah,"3,134,175",1,,,,,,,,,,,,,,,,,,,,,,,,,
B N Rathi Securities,BNRSEC,Nemish S Shah,"1,393,256",1,,,,,,,,,,,,,,,,,,,,,,,,,
B&A,BNALTD,Nemish S Shah,"127,620",1,,,,,,,,,,,,,,,,,,,,,,,,,
BEW Engineering,BEWLTD,Ashish Kacholia,"1,218,448",1,,,,,,,,,,,,,,,,,,,,,,,,,
BLB,BLBLIMITED,Nemish S Shah,"553,126",1,,,,,,,,,,,,,,,,,,,,,,,,,
Balu Forge,BALUFORGE,Ashish Kacholia,"1,865,933",1,,,,,,,,,,,,,,,,,,,,,,,,,
Bansal Roofing,BRPL,Nemish S Shah,"132,000",1,,,,,,,,,,,,,,,,,,,,,,,,,
Beardsell,BEARDSELL,Nemish S Shah,"1,241,619",1,,,,,,,,,,,,,,,,,,,,,,,,,
Benara Bearings & Pistons,541178,Nemish S Shah,"278,000",1,,,,,,,,,,,,,,,,,,,,,,,,,
Beta Drugs,BETA,Ashish Kacholia,"1,263,826",1,,,,,,,,,,,,,,,,,,,,,,,,,
Bhagwati Autocast,BGWTATO,Nemish S Shah,"32,442",1,,,,,,,,,,,,,,,,,,,,,,,,,
Bharat Parenterals,541096,Ashish Kacholia,"129,018",1,,,,,,,,,,,,,,,,,,,,,,,,,
Bombay Wire Ropes,504648,Nemish S Shah,"69,000",1,,,,,,,,,,,,,,,,,,,,,,,,,
Brand Concepts,BCONCEPTS,Ashish Kacholia,"179,838",1,,,,,,,,,,,,,,,,,,,,,,,,,
C2C Advanced Systems,C2C,Ashish Kacholia,"648,752",1,,,,,,,,,,,,,,,,,,,,,,,,,
Camlin Fine Sciences,CAMLINFINE,Ajay Upadhyaya,"2,487,109",1,,,,,,,,,,,,,,,,,,,,,,,,,
Carysil,CARYSIL,Ashish Kacholia,"1,000,000",1,,,,,,,,,,,,,,,,,,,,,,,,,
Chartered Logistics,CHLOGIST,Anil Kumar Goel,"2,500,000",1,,,,,,,,,,,,,,,,,,,,,,,,,
Chennai Meenakshi,CMMHOSP,Nemish S Shah,"198,073",1,,,,,,,,,,,,,,,,,,,,,,,,,
Citadel Realty,CITADEL,Nemish S Shah,"93,916",1,,,,,,,,,,,,,,,,,,,,,,,,,
Coffee Day Enterprises,COFFEEDAY,Dolly Khanna,"3,632,065",1,,,,,,,,,,,,,,,,,,,,,,,,,
Concord Biotech,CONCORDBIO,Rakesh Jhunjhunwala & Associate,"25,199,240",1,,,,,,,,,,,,,,,,,,,,,,,,,
Cosmic CRF,13510368,Ashish Kacholia,"844,200",1,,,,,,,,,,,,,,,,,,,,,,,,,
Cosyn,COSYN,Nemish S Shah,"200,954",1,,,,,,,,,,,,,,,,,,,,,,,,,
Cravatex,CRAVATEX,Nemish S Shah,"47,228",1,,,,,,,,,,,,,,,,,,,,,,,,,
Cyber Media,CYBERMEDIA,Nemish S Shah,"235,199",1,,,,,,,,,,,,,,,,,,,,,,,,,
DAM Capital Advisors,DAMCAPITAL,Ajay Upadhyaya,"800,000",1,,,,,,,,,,,,,,,,,,,,,,,,,
DCX Systems,DCXINDIA,Ajay Upadhyaya,"1,500,000",1,,,,,,,,,,,,,,,,,,,,,,,,,
DU Digital Global,DUGLOBAL,Ashish Kacholia,"6,130,000",1,,,,,,,,,,,,,,,,,,,,,,,,,
Dalmia Industrial,DALMIA,Vijay Kedia,"900,000",1,,,,,,,,,,,,,,,,,,,,,,,,,
Deco-Mica,DECOMIC,Nemish S Shah,"105,900",1,,,,,,,,,,,,,,,,,,,,,,,,,
Decorous Investment,DITCO,Anil Kumar Goel,"170,000",1,,,,,,,,,,,,,,,,,,,,,,,,,
Delton Cables,DLTNCBL,Nemish S Shah,"243,633",1,,,,,,,,,,,,,,,,,,,,,,,,,
Dhabriya Polywood,DHABRIYA,Ashish Kacholia,"626,347",1,,,,,,,,,,,,,,,,,,,,,,,,,
Diana Tea Company,DIANATEA,Nemish S Shah,"214,285",1,,,,,,,,,,,,,,,,,,,,,,,,,
Divyashakti,DIVSHKT,Nemish S Shah,"113,917",1,,,,,,,,,,,,,,,,,,,,,,,,,
Duke Offshore,DUKEOFS,Nemish S Shah,"165,689",1,,,,,,,,,,,,,,,,,,,,,,,,,
Dynavision,DYNAVSN,Nemish S Shah,"41,945",1,,,,,,,,,,,,,,,,,,,,,,,,,
Elecon Engineering,ELECON,Ajay Upadhyaya,"4,000,000",1,,,,,,,,,,,,,,,,,,,,,,,,,
Elegant Marbles & Grani,ELEMARB,Nemish S Shah,"36,829",1,,,,,,,,,,,,,,,,,,,,,,,,,
Elixir Capital,ELIXIR,Nemish S Shah,"94,131",1,,,,,,,,,,,,,,,,,,,,,,,,,
Elnet Technologies,ELNET,Mohnish Pabrai,"50,000",1,,,,,,,,,,,,,,,,,,,,,,,,,
Emkay Global,EMKAY,Dolly Khanna,"598,033",1,,,,,,,,,,,,,,,,,,,,,,,,,
Envair Electrodyne,KIRLOSELEC,Nemish S Shah,"48,430",1,,,,,,,,,,,,,,,,,,,,,,,,,
Euro Leder Fashions,EUROLED,Nemish S Shah,"75,155",1,,,,,,,,,,,,,,,,,,,,,,,,,
Facor Alloys,FACORALL,Mohnish Pabrai,"2,500,000",1,,,,,,,,,,,,,,,,,,,,,,,,,
Faze Three,FAZE3Q,Ashish Kacholia,"1,317,554",1,,,,,,,,,,,,,,,,,,,,,,,,,
Filtra Consultants,FILTRA,Nemish S Shah,"228,000",1,,,,,,,,,,,,,,,,,,,,,,,,,
Fineotex Chemical,FCL,Ashish Kacholia,"30,005,680",1,,,,,,,,,,,,,,,,,,,,,,,,,
Forcas Studio,FORCAS,Ajay Upadhyaya,"427,200",1,,,,,,,,,,,,,,,,,,,,,,,,,
GHCL,GHCL,Dolly Khanna,"987,735",1,,,,,,,,,,,,,,,,,,,,,,,,,
GKB Ophthalmics,GKB,Nemish S Shah,"61,242",1,,,,,,,,,,,,,,,,,,,,,,,,,
GTN Textiles,GTNTEX,Nemish S Shah,"130,252",1,,,,,,,,,,,,,,,,,,,,,,,,,
Ganges Securities,GANGESSECU,Nemish S Shah,"114,459",1,,,,,,,,,,,,,,,,,,,,,,,,,
Genus Power,GENUSPOWER,Ajay Upadhyaya,"4,000,000",1,,,,,,,,,,,,,,,,,,,,,,,,,
Glaam Up Jwel,542477,Anil Kumar Goel,"10,000",1,,,,,,,,,,,,,,,,,,,,,,,,,
GlobalSpace Tech,GLOBALSPACE,Nemish S Shah,"1,200,000",1,,,,,,,,,,,,,,,,,,,,,,,,,
Greencrest Financial,GREENCREST,Vijay Kedia,"24,117,018",1,,,,,,,,,,,,,,,,,,,,,,,,,
Gujarat Apollo Ind,GUJAPOLLO,Ashish Kacholia,"297,056",1,,,,,,,,,,,,,,,,,,,,,,,,,
HB Portfolio,HBPOR,Nemish S Shah,"118,624",1,,,,,,,,,,,,,,,,,,,,,,,,,
Harish Textile,13510162,Nemish S Shah,"63,536",1,,,,,,,,,,,,,,,,,,,,,,,,,
Haryana Capfin,HARYNACAP,Mohnish Pabrai,"60,000",1,,,,,,,,,,,,,,,,,,,,,,,,,
Haryana Leather Chem,HARLETH,Nemish S Shah,"163,551",1,,,,,,,,,,,,,,,,,,,,,,,,,
Hasti Finance,HASTIFIN,Nemish S Shah,"130,514",1,,,,,,,,,,,,,,,,,,,,,,,,,
Hindusthan Urban,HUIL,Nemish S Shah,"16,615",1,,,,,,,,,,,,,,,,,,,,,,,,,
Hisar Spinning Mills,HISARSP,Nemish S Shah,"73,900",1,,,,,,,,,,,,,,,,,,,,,,,,,
ICDS,ICDSLTD,Nemish S Shah,"937,836",1,,,,,,,,,,,,,,,,,,,,,,,,,
IFB Agro Industries,IFBAGRO,Dolly Khanna,"105,693",1,,,,,,,,,,,,,,,,,,,,,,,,,
India Lease Development,INDIALEASE,Nemish S Shah,"215,368",1,,,,,,,,,,,,,,,,,,,,,,,,,
Indian Sucrose,OSWALSUG,Nemish S Shah,"200,000",1,,,,,,,,,,,,,,,,,,,,,,,,,
Inducto Steel,INDCTST,Nemish S Shah,"96,979",1,,,,,,,,,,,,,,,,,,,,,,,,,
Indus Aluminium Recyclers,CONTAINERWAY,Nemish S Shah,"200,000",1,,,,,,,,,,,,,,,,,,,,,,,,,
Infinium Pharmachem,INFINIUM,Ashish Kacholia,"720,000",1,,,,,,,,,,,,,,,,,,,,,,,,,
Inflame Appliances,541083,Ashish Kacholia,"308,000",1,,,,,,,,,,,,,,,,,,,,,,,,,
Infomedia Press,INFOMEDIA,Nemish S Shah,"566,259",1,,,,,,,,,,,,,,,,,,,,,,,,,
Ishita Drugs & Ind,ISHITADR,Nemish S Shah,"64,182",1,,,,,,,,,,,,,,,,,,,,,,,,,
JMJ Fintech,MEL,Vijay Kedia,"1,200,000",1,,,,,,,,,,,,,,,,,,,,,,,,,
Jain Resource Recycling,JAINREC,Ashish Kacholia,"3,890,762",1,,,,,,,,,,,,,,,,,,,,,,,,,
Jaipan Industries,JAIPAN,Nemish S Shah,"76,095",1,,,,,,,,,,,,,,,,,,,,,,,,,
Jauss Polymers,JAUSPOL,Mohnish Pabrai,"100,000",1,,,,,,,,,,,,,,,,,,,,,,,,,
Joindre Cap Serv,JOINDRE,Nemish S Shah,"170,199",1,,,,,,,,,,,,,,,,,,,,,,,,,
Jumbo Bag,JUMBO,Nemish S Shah,"112,350",1,,,,,,,,,,,,,,,,,,,,,,,,,
KCP Sugar,KCPSUGIND,Dolly Khanna,"1,800,391",1,,,,,,,,,,,,,,,,,,,,,,,,,
KDDL,KDDL,Porinju Veliyath,"423,180",1,,,,,,,,,,,,,,,,,,,,,,,,,
KPT Industries,KULKPOWT,Nemish S Shah,"61,700",1,,,,,,,,,,,,,,,,,,,,,,,,,
Kahan Packaging,14620248,Nemish S Shah,"41,600",1,,,,,,,,,,,,,,,,,,,,,,,,,
Kamanwala Housing,KAMANWALA,Nemish S Shah,"290,450",1,,,,,,,,,,,,,,,,,,,,,,,,,
Keltech Energies,KELENRG,Nemish S Shah,"14,967",1,,,,,,,,,,,,,,,,,,,,,,,,,
Kesar Terminals,KTIL,Nemish S Shah,"200,000",1,,,,,,,,,,,,,,,,,,,,,,,,,
Kirloskar Electric,KECL,Ajay Upadhyaya,"3,000,000",1,,,,,,,,,,,,,,,,,,,,,,,,,
Kkalpana lndustries,KKALPANAIND,Nemish S Shah,"1,073,167",1,,,,,,,,,,,,,,,,,,,,,,,,,
Knowledge Marine Engg,KMEW,Ashish Kacholia,"705,264",1,,,,,,,,,,,,,,,,,,,,,,,,,
Kothari Fermentation,KFBL,Nemish S Shah,"156,929",1,,,,,,,,,,,,,,,,,,,,,,,,,
LWS Knitwear,LWSKNIT,Nemish S Shah,"225,577",1,,,,,,,,,,,,,,,,,,,,,,,,,
Laffans Petchems,LAFFANSQ,Nemish S Shah,"399,194",1,,,,,,,,,,,,,,,,,,,,,,,,,
Lancor Holdings,LANCORHOL,Nemish S Shah,"1,022,295",1,,,,,,,,,,,,,,,,,,,,,,,,,
Lasa Supergenerics,LASA,Nemish S Shah,"501,013",1,,,,,,,,,,,,,,,,,,,,,,,,,
Lead Reclaim & Rubber,LRRPL,Nemish S Shah,"106,500",1,,,,,,,,,,,,,,,,,,,,,,,,,
Loyal Equipments,LOYAL,Nemish S Shah,"199,780",1,,,,,,,,,,,,,,,,,,,,,,,,,
MP Today Media,MPTODAY,Mohnish Pabrai,"50,000",1,,,,,,,,,,,,,,,,,,,,,,,,,
Majestic Auto,MAJESAUTO,Nemish S Shah,"104,000",1,,,,,,,,,,,,,,,,,,,,,,,,,
Mamata Machinery,MAMATA,Ajay Upadhyaya,"430,000",1,,,,,,,,,,,,,,,,,,,,,,,,,
Man Industries,MANINDS,Ashish Kacholia,"2,277,029",1,,,,,,,,,,,,,,,,,,,,,,,,,
Maral Overseas,MARALOVER,Ajay Upadhyaya,"721,500",1,,,,,,,,,,,,,,,,,,,,,,,,,
Martin Burn,MARBU,Nemish S Shah,"113,853",1,,,,,,,,,,,,,,,,,,,,,,,,,
Mega Fin,MEGFI,Vijay Kedia,"205,600",1,,,,,,,,,,,,,,,,,,,,,,,,,
Megatherm Induction,MEGATHERM,Ashish Kacholia,"316,800",1,,,,,,,,,,,,,,,,,,,,,,,,,
Metal Coatings,METALCO,Nemish S Shah,"75,000",1,,,,,,,,,,,,,,,,,,,,,,,,,
Milestone Furniture,541337,Nemish S Shah,"291,000",1,,,,,,,,,,,,,,,,,,,,,,,,,
Modern Dairies,MODAIRY,Nemish S Shah,"262,632",1,,,,,,,,,,,,,,,,,,,,,,,,,
Modern Insulators,MODINSULAT,Nemish S Shah,"488,049",1,,,,,,,,,,,,,,,,,,,,,,,,,
Modipon,MODIPON,Nemish S Shah,"124,031",1,,,,,,,,,,,,,,,,,,,,,,,,,
Moongipa Cap Fin,MONGIPA,Nemish S Shah,"267,655",1,,,,,,,,,,,,,,,,,,,,,,,,,
Mukta Agriculture,MUKTA,Vijay Kedia,"2,700,000",1,,,,,,,,,,,,,,,,,,,,,,,,,
Mysore Petchems,MYSORPETRO,Nemish S Shah,"70,264",1,,,,,,,,,,,,,,,,,,,,,,,,,
Mystic Electronics,MYSTIC,Vijay Kedia,"3,000,000",1,,,,,,,,,,,,,,,,,,,,,,,,,
NPR Finance,NPRFIN,Nemish S Shah,"60,000",1,,,,,,,,,,,,,,,,,,,,,,,,,
Naman In-Store,NAMAN,Ashish Kacholia,"1,079,135",1,,,,,,,,,,,,,,,,,,,,,,,,,
National Fittings,NATFIT,Nemish S Shah,"113,627",1,,,,,,,,,,,,,,,,,,,,,,,,,
National Oxygen,NOL,Dolly Khanna,"61,427",1,,,,,,,,,,,,,,,,,,,,,,,,,
Natraj Proteins,NATRAJPR,Mohnish Pabrai,"40,000",1,,,,,,,,,,,,,,,,,,,,,,,,,
Navin Fluorine,NAVINFLUOR,Ajay Upadhyaya,"517,500",1,,,,,,,,,,,,,,,,,,,,,,,,,
Newtrac Foods Beverages,EVERTEX,Nemish S Shah,"419,459",1,,,,,,,,,,,,,,,,,,,,,,,,,
Nova Iron & Steel,NOVAIRNSTL,Vijay Kedia,"3,273,600",1,,,,,,,,,,,,,,,,,,,,,,,,,
Omaxe,OMAXE,Ajay Upadhyaya,"2,750,000",1,,,,,,,,,,,,,,,,,,,,,,,,,
OnMobile Global,ONMOBILE,Ajay Upadhyaya,"1,850,000",1,,,,,,,,,,,,,,,,,,,,,,,,,
PBM Polytex,PBMPOLY,Nemish S Shah,"69,189",1,,,,,,,,,,,,,,,,,,,,,,,,,
PCS Technology,PCS,Nemish S Shah,"375,125",1,,,,,,,,,,,,,,,,,,,,,,,,,
PS IT Infrastructure,PSITINFRA,Vijay Kedia,"635,000",1,,,,,,,,,,,,,,,,,,,,,,,,,
PVV Infra,PVVINFRA,Nemish S Shah,"1,194,996",1,,,,,,,,,,,,,,,,,,,,,,,,,
Panjon,PANJON,Nemish S Shah,"273,596",1,,,,,,,,,,,,,,,,,,,,,,,,,
Pioneer Investcorp,PIONRINV,Nemish S Shah,"287,010",1,,,,,,,,,,,,,,,,,,,,,,,,,
Poona Dal & Oil,POONADAL,Nemish S Shah,"66,574",1,,,,,,,,,,,,,,,,,,,,,,,,,
Prakash Woollen,PWASML,Nemish S Shah,"200,000",1,,,,,,,,,,,,,,,,,,,,,,,,,
Pratham EPC Projects,PRATHAM,Ashish Kacholia,"226,245",1,,,,,,,,,,,,,,,,,,,,,,,,,
Precision Camshafts,PRECAM,Ajay Upadhyaya,"2,000,000",1,,,,,,,,,,,,,,,,,,,,,,,,,
Premier,PREMIER,Nemish S Shah,"566,798",1,,,,,,,,,,,,,,,,,,,,,,,,,
Quadrant Future Tek,QUADFUTURE,Ashish Kacholia,"764,584",1,,,,,,,,,,,,,,,,,,,,,,,,,
Qualitek Labs,16691851,Ashish Kacholia,"506,400",1,,,,,,,,,,,,,,,,,,,,,,,,,
RNFI Services,RNFI,Anil Kumar Goel,"706,690",1,,,,,,,,,,,,,,,,,,,,,,,,,
Radiowalla Network,RADIOWALLA,Ashish Kacholia,"548,405",1,,,,,,,,,,,,,,,,,,,,,,,,,
Rajasthan Cylinders,RCCL,Nemish S Shah,"71,085",1,,,,,,,,,,,,,,,,,,,,,,,,,
Rajdarshan Industries,ARENTERP,Nemish S Shah,"36,781",1,,,,,,,,,,,,,,,,,,,,,,,,,
Rander Corporation,RANDER,Vijay Kedia,"438,740",1,,,,,,,,,,,,,,,,,,,,,,,,,
Rap Corp,RAP,Nemish S Shah,"77,010",1,,,,,,,,,,,,,,,,,,,,,,,,,
Rapicut Carbides,RAPICUT,Nemish S Shah,"131,202",1,,,,,,,,,,,,,,,,,,,,,,,,,
Rasandik Engineering,RASANDIK,Nemish S Shah,"100,000",1,,,,,,,,,,,,,,,,,,,,,,,,,
Rathi Bars,RATHIBAR,Nemish S Shah,"227,211",1,,,,,,,,,,,,,,,,,,,,,,,,,
Raunaq EPC Intl,RAUNAQEPC,Nemish S Shah,"62,074",1,,,,,,,,,,,,,,,,,,,,,,,,,
Regency Fincorp,REGENCY,Anil Kumar Goel,"2,037,763",1,,,,,,,,,,,,,,,,,,,,,,,,,
Reliable Ventures,RELIABVEN,Nemish S Shah,"200,000",1,,,,,,,,,,,,,,,,,,,,,,,,,
Riba Textiles,RIBATEX,Nemish S Shah,"113,234",1,,,,,,,,,,,,,,,,,,,,,,,,,
Rishi Laser,RISHILASE,Nemish S Shah,"459,000",1,,,,,,,,,,,,,,,,,,,,,,,,,
Rishi Techtex,RISHIPACK,Nemish S Shah,"368,565",1,,,,,,,,,,,,,,,,,,,,,,,,,
Roopa Industries,ROOPAIND,Nemish S Shah,"169,362",1,,,,,,,,,,,,,,,,,,,,,,,,,
Roto Pumps,ROTO,Anil Kumar Goel,"2,100,000",1,,,,,,,,,,,,,,,,,,,,,,,,,
SG Finserve,SGFIN,Ashish Kacholia,"638,366",1,,,,,,,,,,,,,,,,,,,,,,,,,
SRM Contractors,SRM,Ajay Upadhyaya,"365,000",1,,,,,,,,,,,,,,,,,,,,,,,,,
SSPDL,SSPDL,Nemish S Shah,"314,499",1,,,,,,,,,,,,,,,,,,,,,,,,,
Saboo Sodium Chloro,SABOOSOD,Nemish S Shah,"666,240",1,,,,,,,,,,,,,,,,,,,,,,,,,
Safari Industries,SAFARI,Ashish Kacholia,"900,000",1,,,,,,,,,,,,,,,,,,,,,,,,,
Saffron Industries,SAFFRON,Nemish S Shah,"201,841",1,,,,,,,,,,,,,,,,,,,,,,,,,
Sangal Papers,SANPA,Nemish S Shah,"35,597",1,,,,,,,,,,,,,,,,,,,,,,,,,
Sanjivani paranteral,SANJIVIN,Ashish Kacholia,"370,000",1,,,,,,,,,,,,,,,,,,,,,,,,,
Satchmo Holdings,NITESHEST,Nemish S Shah,"2,017,752",1,,,,,,,,,,,,,,,,,,,,,,,,,
Savera Industries,SAVERA,Dolly Khanna,"131,585",1,,,,,,,,,,,,,,,,,,,,,,,,,
Seasons Textiles,SEASONST,Nemish S Shah,"224,498",1,,,,,,,,,,,,,,,,,,,,,,,,,
Service Care,SERVICE,Ajay Upadhyaya,"450,000",1,,,,,,,,,,,,,,,,,,,,,,,,,
Shaily Engineering,SHAILY,Ashish Kacholia,"2,393,680",1,,,,,,,,,,,,,,,,,,,,,,,,,
Shetron,SHETRON,Nemish S Shah,"206,149",1,,,,,,,,,,,,,,,,,,,,,,,,,
Shiva Global Agro,SHIVAAGRO,Nemish S Shah,"300,000",1,,,,,,,,,,,,,,,,,,,,,,,,,
Shiva Granito Export,SHIVAEXPO,Nemish S Shah,"200,000",1,,,,,,,,,,,,,,,,,,,,,,,,,
Shivalik Bimetal Controls,SBCL,Mohnish Pabrai,"600,000",1,,,,,,,,,,,,,,,,,,,,,,,,,
Shree Hari Chemicals,SHHARICH,Nemish S Shah,"59,966",1,,,,,,,,,,,,,,,,,,,,,,,,,
Shree OSFM E-Mobility,SHREEOSFM,Ashish Kacholia,"559,700",1,,,,,,,,,,,,,,,,,,,,,,,,,
Shree Rajasthan Syntex,SHRERAJSYN,Anil Kumar Goel,"759,202",1,,,,,,,,,,,,,,,,,,,,,,,,,
Shree Refrigerations,17160478,Ashish Kacholia,"1,219,513",1,,,,,,,,,,,,,,,,,,,,,,,,,
Shree Steel Wire Ropes,SSWRL,Nemish S Shah,"73,493",1,,,,,,,,,,,,,,,,,,,,,,,,,
Shri Vasuprada,JOONKTOLL,Nemish S Shah,"369,815",1,,,,,,,,,,,,,,,,,,,,,,,,,
Sicagen,SICAGEN,Nemish S Shah,"500,000",1,,,,,,,,,,,,,,,,,,,,,,,,,
Simran Farms,SIMRAN,Nemish S Shah,"40,000",1,,,,,,,,,,,,,,,,,,,,,,,,,
Sirca Paints,SIRCA,Porinju Veliyath,"1,433,421",1,,,,,,,,,,,,,,,,,,,,,,,,,
Skipper,SKIPPER,Ajay Upadhyaya,"1,739,000",1,,,,,,,,,,,,,,,,,,,,,,,,,
Skyline Millars,SKYLMILAR,Nemish S Shah,"484,469",1,,,,,,,,,,,,,,,,,,,,,,,,,
Som Distilleries,SDBL,Dolly Khanna,"4,293,853",1,,,,,,,,,,,,,,,,,,,,,,,,,
Southern Petrchem,SPIC,Dolly Khanna,"4,863,915",1,,,,,,,,,,,,,,,,,,,,,,,,,
Spice Islands,SPICEISL,Nemish S Shah,"115,740",1,,,,,,,,,,,,,,,,,,,,,,,,,
Sreechem Resins,SREECHEM,Nemish S Shah,"57,000",1,,,,,,,,,,,,,,,,,,,,,,,,,
Stove Kraft,STOVEKRAFT,Ashish Kacholia,"576,916",1,,,,,,,,,,,,,,,,,,,,,,,,,
Sturdy Industries,STURDY,Anil Kumar Goel,"82,682",1,,,,,,,,,,,,,,,,,,,,,,,,,
Sudal Industries,SUDAI,Nemish S Shah,"100,000",1,,,,,,,,,,,,,,,,,,,,,,,,,
Sunil Industries,SUNILTX,Nemish S Shah,"183,500",1,,,,,,,,,,,,,,,,,,,,,,,,,
Sunshield Chemicals,SUNSHIEL,Mohnish Pabrai,"110,000",1,,,,,,,,,,,,,,,,,,,,,,,,,
Super Tex Industries,SUPERTEX,Nemish S Shah,"274,638",1,,,,,,,,,,,,,,,,,,,,,,,,,
Superior Industrial,519234,Sunil Singhania,"149,500",1,,,,,,,,,,,,,,,,,,,,,,,,,
Suryaamba Spinning Mills,SURYAAMBA,Nemish S Shah,"58,946",1,,,,,,,,,,,,,,,,,,,,,,,,,
Suryavanshi Spinning,SURYVANSPG,Nemish S Shah,"216,825",1,,,,,,,,,,,,,,,,,,,,,,,,,
T & I Global,TIGLOB,Nemish S Shah,"67,641",1,,,,,,,,,,,,,,,,,,,,,,,,,
TBI Corn,TBI,Ashish Kacholia,"766,666",1,,,,,,,,,,,,,,,,,,,,,,,,,
TCM,TCMLMTD,Nemish S Shah,"222,192",1,,,,,,,,,,,,,,,,,,,,,,,,,
Tai Industries,TAIIND,Nemish S Shah,"100,922",1,,,,,,,,,,,,,,,,,,,,,,,,,
Tamboli Industries,TAMBOLI,Nemish S Shah,"109,961",1,,,,,,,,,,,,,,,,,,,,,,,,,
Tanfac Industries,TANFACIND,Ashish Kacholia,"164,584",1,,,,,,,,,,,,,,,,,,,,,,,,,
Tarapur Transformers,TARAPUR,Mohnish Pabrai,"200,000",1,,,,,,,,,,,,,,,,,,,,,,,,,
TechEra Engineering,TECHERA,Ashish Kacholia,"798,400",1,,,,,,,,,,,,,,,,,,,,,,,,,
Teesta Agro,TEEAI,Nemish S Shah,"78,840",1,,,,,,,,,,,,,,,,,,,,,,,,,
Terai Tea Company,TERAI,Nemish S Shah,"100,640",1,,,,,,,,,,,,,,,,,,,,,,,,,
Texel Industries,TEXEL,Ashish Kacholia,"1,045,750",1,,,,,,,,,,,,,,,,,,,,,,,,,
The Peria Karamalai Tea,PKTEA,Nemish S Shah,"115,373",1,,,,,,,,,,,,,,,,,,,,,,,,,
Thirumalai Chemicals,TIRUMALCHM,Ajay Upadhyaya,"1,300,000",1,,,,,,,,,,,,,,,,,,,,,,,,,
Thomas Scott,THOMASCOTT,Ashish Kacholia,"307,539",1,,,,,,,,,,,,,,,,,,,,,,,,,
Thrive Future Habitats,ADORMUL,Nemish S Shah,"109,928",1,,,,,,,,,,,,,,,,,,,,,,,,,
Time Technoplast,TIMETECHNO,Ajay Upadhyaya,"5,100,000",1,,,,,,,,,,,,,,,,,,,,,,,,,
Timescan Logistics,TIMESCAN,Mohnish Pabrai,"80,000",1,,,,,,,,,,,,,,,,,,,,,,,,,
Transglobe Foods,TRANSFD,Sunil Singhania,"6,820",1,,,,,,,,,,,,,,,,,,,,,,,,,
Triveni Glass,TRIVENSHET,Nemish S Shah,"522,500",1,,,,,,,,,,,,,,,,,,,,,,,,,
Tyche Industries,TYCHE,Mohnish Pabrai,"150,000",1,,,,,,,,,,,,,,,,,,,,,,,,,
Tyroon Tea Company,TYROON,Nemish S Shah,"88,443",1,,,,,,,,,,,,,,,,,,,,,,,,,
Unick Fix-A-Form,541503,Nemish S Shah,"57,185",1,,,,,,,,,,,,,,,,,,,,,,,,,
Unique Organics,UNIQUEO,Nemish S Shah,"115,019",1,,,,,,,,,,,,,,,,,,,,,,,,,
Uniroyal Industries,UNIROYAL,Nemish S Shah,"502,762",1,,,,,,,,,,,,,,,,,,,,,,,,,
Universal Autofoundry,UNIAUTO,Nemish S Shah,"127,069",1,,,,,,,,,,,,,,,,,,,,,,,,,
Universal Starch-chem,UNIVSTAR,Mohnish Pabrai,"75,000",1,,,,,,,,,,,,,,,,,,,,,,,,,
V-Marc,VMARCIND,Ashish Kacholia,"661,000",1,,,,,,,,,,,,,,,,,,,,,,,,,
Vascon Engineers,VASCONEQ,Ajay Upadhyaya,"3,250,000",1,,,,,,,,,,,,,,,,,,,,,,,,,
Veejay Lakshmi,VJLAXMIE,Nemish S Shah,"97,291",1,,,,,,,,,,,,,,,,,,,,,,,,,
Veto Switchgears,VETO,Nemish S Shah,"206,139",1,,,,,,,,,,,,,,,,,,,,,,,,,
Virat Crane,VIRATCRA,Nemish S Shah,"284,315",1,,,,,,,,,,,,,,,,,,,,,,,,,
Vistar Amar,SHUBHRA,Nemish S Shah,"57,722",1,,,,,,,,,,,,,,,,,,,,,,,,,
Voltaire Leasing,VOLLF,Vijay Kedia,"235,380",1,,,,,,,,,,,,,,,,,,,,,,,,,
WEP Solutions,WEPSOLN,Nemish S Shah,"414,384",1,,,,,,,,,,,,,,,,,,,,,,,,,
WPIL,WPIL,Porinju Veliyath,"1,500,000",1,,,,,,,,,,,,,,,,,,,,,,,,,
Walchandnagar Ind,WALCHANNAG,Ashish Kacholia,"1,400,385",1,,,,,,,,,,,,,,,,,,,,,,,,,
Xpro,XPROINDIA,Ashish Kacholia,"918,550",1,,,,,,,,,,,,,,,,,,,,,,,,,
Yasho Industries,YASHO,Ashish Kacholia,"459,140",1,,,,,,,,,,,,,,,,,,,,,,,,,
Z-Tech,ZTECH,Ashish Kacholia,"500,000",1,,,,,,,,,,,,,,,,,,,,,,,,,
Zaggle Prepaid Ocean,ZAGGLE,Ashish Kacholia,"3,003,356",1,,,,,,,,,,,,,,,,,,,,,,,,,
Zenith Fibres,ZENIFIB,Nemish S Shah,"46,715",1,,,,,,,,,,,,,,,,,,,,,,,,,
